Feat_number,Find_number,L_FH_estim,LFH_accuracy,L_FrontalHeight,R_FH_estim,RFH_accuracy,R_FrontalHeight,L_FW_estim,LFW_accuracy,L_FrontalWidth,R_FW_estim,RFW_accuracy,R_FrontalWidth,OsL_estim_young,OSL_young_accuracy,OsL_estim_old,OSL_old_accuracy,OccipitalSquamousLength,OsW_estim_young,OSW_young_accuracy,OsW_estim_old,OSW_old_accuracy,OccipitalSquamousWidth,OBL_estim_young,OBL_young_accuracy,OBL_estim_old,OBL_old_accuracy,OccipitalBasilarLength,OBW_estim_young,OBW_young_accuracy,OBW_estim_old,OBW_old_accuracy,OccipitalBasilarWidth,OBML_estim_youg,OBML_young_accuracy,OBML_estim_young,OBML_old_accuracy,OccipitalBasilarMaxLength,L_OLL_estim,LOLL_accuracy,L_OccipitalLateralLength,R_OLL_estim,ROLL_accuracy,R_OccipitalLateralLength,L_OLW_estim,LOWL_accuracy,L_OccipitalLateralWidth,R_OLW_estim,ROWL_accuracy,R_OccipitalLateralWidth,L_ZL_estim,LZL_accuracy,L_ZygomaticLength,R_ZL_estim,RZL_accuracy,R_ZygomaticLength,L_ZW_estim,LZW_accuracy,L_ZygomaticWidth,R_ZW_estim,RZW_accuracy,R_ZygomaticWidth,L_ML_estim_young,LML_young_accuracy,L_ML_estim_old,LML_old_accuracy,L_MaxillaLength,R_ML_estim_young,RML_young_accuracy,R_ML_estim_old,RML_old_accuracy,R_MaxillaLength,L_MW_estim_young,LMW_young_accuracy,L_MW_estim_old,LMW_old_accuracy,L_MaxillaWidth,R_MW_estim_young,RMW_young_accuracy,R_MW_estim_old,RMW_old_accuracy,R_MaxillaWidth,L_MH_estim_young,LMH_young_accuracy,L_MH_estim_old,LMH_old_accuracy,L_MaxillaHeight,R_MH_estim_young,RMH_young_accuracy,R_MH_estim_old,RMH_old_accuracy,R_MaxillaHeight,ChinH_estim,ChinH_accuracy,MandibleChinHeight,BB_estim_old,BB_old_accuracy,MandibleBicondylarBreadth,BW_estim_young,BW_young_accuracy,BW_estim_old,BW_old_accuracy,MandibleBigonialWidth,L_RH_estim_young,LRM_young_accuracy,L_MandibleRamusHeight,R_RH_estim_young,RRH_young_accuracy,R_MandibleRamusHeight,L_MML_estim_young,LMML_young_accuracy,L_MML_estim_old,LMML_old_accuracy,L_MandibleMaxLenght,R_MML_estim_young,RMML_young_accuracy,R_MML_estim_old,RMML_old_accuracy,R_MandibleMaxLenght,ArchivalAge,AgeRange
S471,V1020,,,98.87,,,99.76,,,,,,,,,,,,,,,,,,,,,,,,,,,,,,,,,,,,,,,,,,,,,,47.69,,,46.66,1.587108014,no,28.87,1.459930314,no,28.14,1.765306122,no,5.984615385,yes,33.02,1.945578231,no,7.615384615,yes,34.08,2.362190813,no,8.24691358,yes,37.71,2.14664311,no,6.740740741,yes,36.49,,,,,53.21,,,,,52.72,,,25.52,11.55140187,yes,100.66,,,9.742268041,yes,80.59,2.520454545,no,41.9,2.127272727,no,38.44,1.816080402,no,1.23553719,no,67.22,1.888442211,no,1.533057851,no,67.94,9,6-12
S406,V0995,,,,,,,,,,,,,,,,,,,,,,,-0.266159696,yes,,,11.48,-0.240075614,yes,,,13.8,-0.171764706,yes,,,15.22,-0.065241845,yes,24.19,-0.032620922,yes,24.48,-0.239401496,yes,13.28,-0.142144638,yes,14.06,-0.400735294,yes,21.13,-0.330882353,yes,21.7,,,13.97,-0.735191638,yes,15.54,,,,,,,,,,,,,,,,,,,,,,,,,,,,,,21.19,-0.58,yes,9.28,,,,,,,,,,,,,,15.69,,,,,37.11,,,,,,0,<2
S400,V0859,,,,,,,,,,,,,,,,,,,,,,,,,,,,,,,,,,,,,,,,,,,,,,,,,,,,,,,,,,,,,,,,,,,,,,,,,,,,,,,,,,,,,,,,,,,,0.862222222,no,15.77,,,,,,,,,,,,,,,-0.451256281,yes,,,44.66,,,,,,0.07,<2
S396,V0877,,,94.73,,,98.13,,,,,,,1.848585691,no,6.019047619,yes,91.4,,,11.07462687,yes,113.1,,,6.882352941,yes,19.69,,,,,,,,,,,,,,,,,1.99127182,no,31.17,2.011221945,no,31.33,2.259803922,no,42.84,,,43.41,1.738675958,no,29.74,1.547038328,no,28.64,2.289115646,no,10.72307692,yes,36.1,1.510204082,no,3.676923077,yes,31.52,,,10.90123457,yes,39.86,,,12.62962963,yes,41.26,,,,,57.58,,,,,57.7,,,,,,,,,,,,,,,,,,,,,,,,,,,,8,6-12
S384,V0839,,,107.31,,,107.4,,,,,,,1.6921797,no,3.333333333,yes,88.58,,,12,yes,114.96,,,6.970588235,yes,19.75,,,,,,,,,,,,,,,,,2.349127182,no,34.04,2.132169576,no,32.3,,,52.02,,,53.79,2.003484321,no,31.26,1.8728223,no,30.51,2.360544218,no,11.36923077,yes,36.52,2.181972789,no,9.753846154,yes,35.47,,,,,41.37,,,,,42.94,,,,,56.4,,,,,55.55,,,25.99,14.58411215,no,107.15,,,14.75257732,no,90.31,,,47.12,,,46.21,,,4.363636364,yes,74.79,,,4.537190083,yes,75.21,8,6-12
S373,V0798,0.146167558,yes,55.23,0.028966132,yes,52.6,0.198308271,yes,49.17,0.163533835,yes,48.43,,,,,,,,,,,0.296577947,yes,,,12.96,-0.041587902,yes,,,14.85,0.072941176,yes,,,16.26,0.365579303,yes,28.02,0.347581552,yes,27.86,0.139650873,yes,16.32,0.013715711,yes,15.31,0.125,yes,25.42,0.243872549,yes,26.39,-0.360627178,yes,17.69,-0.414634146,yes,17.38,,,,,,,,,,,0.330388693,yes,,,26.21,0.310954064,yes,,,26.1,-0.732368897,no,,,25.88,-0.607594937,yes,,,26.57,0.135555556,yes,12.5,,,,,,,,,-0.309090909,yes,17,-0.111363636,yes,18.74,,,,,35.64,,,,,35.73,0.02,<2
S367,V0803,,,,,,,,,,,,,,,,,,,,,,,,,5.426470588,no,18.7,,,,,,,,,,,,,,,,,,,,,,,,,,,,,,,,,,,,,,,,,,,,,,,,,,,,,,,,,,,,,,,,,2.455555556,no,22.94,,,,,,10.87628866,yes,82.79,2.101136364,no,38.21,2.164772727,no,38.77,2.191959799,no,2.780991736,no,70.96,1.944723618,no,1.76446281,no,68.5,11,6-12
S365,V0773,,,,,,,,,,,,,,,,,,,,,,,,,,,,,,,,,,,,,,,,,,,,,,,,,,,,,,,,1.162020906,no,26.43,,,,1.215986395,no,1.015384615,yes,29.79,,,,,,,,9.913580247,yes,39.06,,,,,,,,,,,,,,,,,,23.19,5.093457944,yes,86.84,,,8.319587629,yes,77.83,2.411363636,no,40.94,2.517045455,no,41.87,1.546733668,no,0.128099174,no,64.54,1.47638191,no,-0.161157025,no,63.84,8,6-12
S352,V0747,,,,,,,,,,,,,,,,,,,,,,,,,,,,,,,,,,,,,,,,,,,,,,,,,,,,,,,,,,,,,,,,,,,,,,,,,,,,,,,,,,,,,,,-0.222423146,yes,,,28.7,,,,,,,,,,,,,,,,,,,,,,,,,,,,0.13,<2
S351,V0756,,,96.43,,,94.45,,,,,,,,,,,,,,,,,,,5,yes,18.41,,,3.843373494,yes,26.75,,,3.134453782,yes,25.17,,,,,,,,,,,,,2.154411765,no,41.98,2.276960784,no,42.98,1.850174216,no,30.38,1.902439024,no,30.68,0.974489796,no,-1.169230769,yes,28.37,1.301020408,no,1.784615385,yes,30.29,2.022968198,no,5.87654321,yes,35.79,2.09540636,yes,6.382716049,yes,36.2,,,,,45.89,,,,,,2.335555556,yes,22.4,,,,,,5.448453608,yes,72.26,1.627272727,no,34.04,,,,1.07638191,no,,,59.86,0.978894472,no,,,58.89,3,2-6
S348,V0775,,,,,,,,,,,,,,,,,,,,,,,,,10.04411765,no,21.84,1.268431002,yes,,,21.78,1.543529412,yes,,,22.51,1.455568054,yes,37.71,,,,0.936408978,yes,22.71,,,,,,,,,,,,,,,,,,,,,,,,,,,,,,,,,,,,,,,,,,,,,,,,,,,,,,,,,,,,,,,,,,,,,,,,,1,<2
S343,V0732,,,93.11,,,102.76,,,,,,,,,,,,,,,,,1.36121673,no,1.102941176,yes,15.76,1.629489603,no,0.156626506,yes,23.69,1.550588235,no,,,22.54,,,,,,,,,,,,,1.75245098,no,38.7,,,,1.344947735,no,27.48,1.229965157,no,26.82,1.549319728,no,4.030769231,yes,31.75,1.379251701,no,2.492307692,yes,30.75,1.955830389,no,5.407407407,yes,35.41,2.042402827,no,6.012345679,yes,35.9,,,7.186440678,yes,44.2,,,6.56779661,yes,43.47,2.062222222,no,21.17,,,,1.76183844,no,2.020618557,yes,65.61,1.514772727,no,33.05,,,,0.737688442,no,,,56.49,0.775879397,no,,,56.87,3,2-6
S336,V0709,,,,,,,,,,,,,,,,,,,,,,,,,9.235294118,no,21.29,,,8.108433735,yes,30.29,,,5.890756303,yes,28.45,,,,,,,,,,,,,,,44.89,,,46.7,1.245644599,no,26.91,1.925087108,no,30.81,1.494897959,no,3.538461538,yes,31.43,1.486394558,no,3.461538462,yes,31.38,2.367491166,no,8.283950617,yes,37.74,1.699646643,no,3.617283951,yes,33.96,,,,,47.29,,,,,,2.244444444,no,21.99,,,,,,6.943298969,yes,75.16,2.335227273,no,40.27,1.971590909,no,37.07,1.4,no,-0.475206612,no,63.08,1.063316583,no,,,59.73,5,2-6
S335,V0771,,,,,,,,,,,,,,,,,,,,,,,0.581749049,yes,,,13.71,0.45557656,yes,,,17.48,0.437647059,yes,,,17.81,,,,,,,,,,,,,-0.019607843,yes,24.24,,,,-0.259581882,yes,18.27,-0.148083624,yes,18.91,,,,,,0.003401361,yes,,,22.66,,,,,,0.045936396,yes,,,24.6,-0.904159132,no,,,24.93,-0.584086799,yes,,,26.7,0.368888889,yes,13.55,,,,,,,,,,,14.71,,,14.72,,,,,36.33,,,,,35.86,0.06,<2
S334,V0716,,,101.01,,,104.44,,,,,,,,,11.18095238,yes,96.82,,,,,,,,4.882352941,no,18.33,,,,,,,,,,,,,,,,,1.897755611,no,30.42,2.130922693,no,32.29,,,49.47,,,,,,33.76,,,,1.508503401,no,3.661538462,yes,31.51,1.355442177,no,2.276923077,yes,30.61,2.446996466,no,8.839506173,yes,38.19,,,10.18518519,yes,39.28,,,,,52.14,,,,,51.93,2.42,no,22.78,,,,,,,,,,,,,,45.84,,,,,,2.12160804,no,2.491735537,no,70.26,9,6-12
S328,V0701,,,,,,,,,,,,,,,,,,,,,,,1.323193916,yes,0.955882353,yes,15.66,,,,,,,,,,,,,,,,,,,,,,,,,,,,,,,,,,,,,,,,,,,,,,,,,,1.524734982,yes,2.395061728,yes,32.97,,,,,,,,,,,1.568888889,yes,18.95,,,,,,,,,,,,1.294318182,no,31.11,,,,,,0.759798995,no,,,56.71,2,<2
S326,V0708,,,,,,,,,,,,,,,,,,,,,,,2.16730038,no,4.220588235,yes,17.88,,,2.951807229,yes,26.01,,,3.176470588,yes,25.22,,,,,,,,,,,,,,,,,,,1.371080139,no,27.63,1.101045296,no,26.08,0.965986395,no,-1.246153846,yes,28.32,1.137755102,no,0.307692308,yes,29.33,1.680212014,no,3.481481481,yes,33.85,1.664310954,no,3.37037037,yes,33.76,,,,,,,,,,46.56,2.166666667,no,21.64,,,,,,,,,,,,,,,0.848241206,no,,,57.59,,,,,,4,2-6
S323,V0650,0.295900178,yes,58.59,,,,0.091165414,yes,46.89,,,,-0.196894065,yes,,,54.52,,,,,,0.543726236,yes,,,13.61,-0.009451796,yes,,,15.02,0.218823529,yes,,,16.88,0.115860517,yes,25.8,0.223847019,yes,26.76,-0.056109726,yes,14.75,0.012468828,yes,15.3,0.164215686,yes,25.74,0.231617647,yes,26.29,-0.205574913,yes,18.58,-0.120209059,yes,19.07,,,,,,,,,,,0.040636042,yes,,,24.57,-0.007067138,yes,,,24.3,,,,,23.72,-0.985533454,yes,,,24.48,-0.073333333,yes,11.56,,,,,,,,,,,16.36,-0.206818182,yes,17.9,,,,,40.22,,,,,40.99,0,<2
S320,V0662,,,,0.044117647,yes,52.94,,,,0.223214286,yes,49.7,-0.445923461,yes,,,50.03,-0.084200568,yes,,,59.93,0.657794677,yes,,,13.91,0.122873346,yes,,,15.72,0.136470588,yes,,,16.53,0.213723285,yes,26.67,0.287964004,yes,27.33,-0.02244389,yes,15.02,0.013715711,yes,15.31,,,,,,,,,,,,,,,,,,,,,,,,,,,,,,,,,,,,,,,,,,,-0.371111111,yes,10.22,,,,,,,,,-0.120454545,yes,18.66,-0.097727273,yes,18.86,,,,,35.34,,,,,34.31,0,<2
S318,V0643,,,,,,,,,,,,,,,,,,,,,,,,,5.632352941,yes,18.84,,,,,,,,4.647058824,yes,26.97,,,,,,,,,,,,,,,,,,,1.548780488,yes,28.65,,,,1.090136054,yes,-0.123076923,yes,29.05,,,,,,,,,,,,,,,,,,,,47.79,,,,,,,,,,,,,,,,,,,,,,,,,,,,,,,,,2,<2
S316,V0641,,,,,,97.14,,,,,,,,,,,,,,,,,,,,,,,,,,,,,,,,,,,,,,,,,,,,,,43.54,,,44.94,1.846689895,no,30.36,1.912891986,no,30.74,,,,,,1.431972789,no,2.969230769,yes,31.06,,,,,,2.104240283,yes,6.444444444,yes,36.25,,,,,47.99,,,,,47.33,1.755555556,no,19.79,5.406542056,yes,87.51,2.477715877,yes,4.670103093,yes,70.75,1.790909091,no,35.48,1.582954545,no,33.65,1.153768844,no,,,60.63,1.187939698,no,,,60.97,3,2-6
S315,V0656,,,,0.151069519,yes,55.34,0.256109023,yes,50.4,,,,0.008319468,yes,,,58.22,,,,,,0.395437262,yes,,,13.22,0.039697543,yes,,,15.28,0.056470588,yes,,,16.19,0.212598425,yes,26.66,0.201349831,yes,26.56,0.048628429,yes,15.59,-0.002493766,yes,15.18,-0.120098039,yes,23.42,0.094362745,yes,25.17,-0.167247387,yes,18.8,-0.097560976,yes,19.2,,,,,,,,,,,0.121908127,yes,,,25.03,0.139575972,yes,,,25.13,-0.500904159,yes,,,27.16,-0.537070524,yes,,,26.96,-0.006666667,yes,11.86,,,,,,,,,,,16.49,,,,,,,,36.65,,,,,35.78,0.03,<2
S314,V0655,,,,,,,,,,,,,,,,,,,,,,,0.505703422,yes,,,13.51,0.372400756,yes,,,17.04,0.618823529,yes,,,18.58,,,,0.588301462,yes,30,,,,0.482543641,yes,19.07,,,,,,,,,,,,,,,,,,,,,,,,,,,,,,,,,,,,,,,,,,,,,,,,,,,,,,,,,,,,,,,,,,,,,,0.2,<2
S296,V0486,,,,,,45.99,,,,0.094454887,yes,46.96,,,,,,,,,,,-0.163498099,yes,,,11.75,-0.270321361,yes,,,13.64,-0.272941176,yes,,,14.79,,,,,,,,,,,,,,,,,,,,,,-0.489547038,yes,16.95,,,,,,,,,,,,,,,,,,,,,,,,,,,,,,,-0.377777778,yes,10.19,,,,,,,,,,,,,,,,,,,,,,,,,0,<2
S295,V0485,0.067290553,yes,53.46,-0.008912656,yes,51.75,0.195488722,yes,49.11,0.213345865,yes,49.49,,,,,,,,,,,0.281368821,yes,,,12.92,-0.032136106,yes,,,14.9,0.183529412,yes,,,16.73,,,,,,,,,,,,,,,,,,,,,,,,,,,,,,,,,,,-0.181978799,yes,,,23.31,,,,,,,,,,20.63,,,,,,,,8.52,,,,,,,,,,,,,,,,,,,40.08,,,,,,0,<2
S293,V0495,,,95.12,,,93.57,,,,,,,,,8.533333333,yes,94.04,,,7.094527363,yes,105.1,1.650190114,no,2.220588235,yes,16.52,,,3.879518072,yes,26.78,,,3.983193277,yes,26.18,,,,,,,1.720698254,no,29,1.617206983,no,28.17,2.033088235,no,40.99,2.25122549,no,42.77,1.066202091,no,25.88,1.214285714,no,26.73,1.287414966,no,1.661538462,yes,30.21,1.069727891,no,-0.307692308,yes,28.93,2.04770318,no,6.049382716,yes,35.93,2.090106007,no,6.345679012,yes,36.17,,,8.211864407,yes,45.41,,,,,46.49,2.248888889,no,22.01,8.658878505,yes,94.47,,,6.463917526,yes,74.23,1.773863636,no,35.33,2.038636364,no,37.66,1.344723618,no,-0.702479339,no,62.53,1.006030151,no,,,59.16,4,2-6
S286,V0469,,,97.83,,,99.34,,,,,,,1.555740433,no,,,86.12,,,8.825870647,yes,108.58,,,6.882352941,yes,19.69,,,,,,,,,,,,,,,,,2.244389027,no,33.2,1.775561097,no,29.44,,,46.45,,,45.51,1.385017422,no,27.71,1.113240418,no,26.15,,,13.73846154,yes,38.06,2.399659864,no,11.72307692,yes,36.75,,,10.85185185,yes,39.82,,,11.88888889,yes,40.66,,,,,54.27,,,,,55.02,2.188888889,no,21.74,12.24299065,yes,102.14,,,7.958762887,yes,77.13,2.209090909,no,39.16,2.067045455,no,37.91,1.601005025,no,0.351239669,no,65.08,1.871356784,no,1.462809917,no,67.77,10,6-12
S248,V0393,,,,,,,,,,,,,,,,,,,,,,,,,,,,,,,,,,,,,,,,,,,,,,,,,,,,,,,,,,,,,,,,,,,,,,,,,,,,,,,,,,,,,,,,,,,,,,26.01,,,,,,7.891752577,yes,77,,,46.82,,,44.66,,,3.70661157,no,73.2,,,2.925619835,no,71.31,9,6-12
S245,V0390,,,,,,,,,,,,,,,,,,,,,,,,,,,,,,,,,,,,,,,,,,,,,,,,,,,,20.45,0.106617647,yes,25.27,,,15.91,-0.217770035,yes,18.51,,,,,,,,,,,,,,,,,,,,,,,,,,,,,,,,,8.91,,,,,,,,,,,,,,,,,,,37.43,,,,,,0,<2
S227,V0297,,,,,,,,,,,,,,,,,,,,,,,-0.060836502,yes,,,12.02,-0.465028355,yes,,,12.61,-0.202352941,yes,,,15.09,0.01799775,yes,24.93,0.120359955,yes,25.84,-0.089775561,yes,14.48,-0.024937656,yes,15,,,,,,,,,,,,,,,,,,,,,,,,,,,,,,,,,,,,,,,,,,,,,8.85,,,,,,,,,,,,-0.153409091,yes,18.37,,,,,,,,,,33.39,0,<2
S215,V0250,,,93.46,,,95.3,,,,,,,1.580698835,no,,,86.57,,,8.820895522,no,108.57,,,6.014705882,yes,19.1,,,4.518072289,yes,27.31,,,5.168067227,yes,27.59,,,,,,,,,,,,,,,,,,43.71,0.970383275,no,25.33,0.817073171,no,24.45,1.346938776,no,2.2,yes,30.56,1.632653061,no,4.784615385,yes,32.24,1.881625442,no,4.888888889,yes,34.99,2.021201413,no,5.864197531,yes,35.78,,,,,49.47,,,,,49.21,1.804444444,no,20.01,7.887850467,yes,92.82,,,,,,,,,,,,,,,,,,,,,,4,2-6
S191,V0374,,,,-0.192513369,yes,47.63,,,,0.099154135,yes,47.06,,,,,,-0.175969726,yes,,,57.99,0.216730038,yes,,,12.75,-0.423440454,yes,,,12.83,-0.152941176,yes,,,15.3,-0.384701912,yes,21.35,-0.287964004,yes,22.21,-0.463840399,yes,11.48,-0.5,yes,11.19,-0.181372549,yes,22.92,-0.084558824,yes,23.71,-0.555749129,yes,16.57,-0.613240418,yes,16.24,-0.103741497,yes,,,22.03,,,,,,-0.247349823,yes,,,22.94,,,,,,,,,,23.15,,,,,22.48,-0.488888889,yes,9.69,,,,,,,,,,,,,,,,,,,37.75,,,,,36.52,0,<2
S190,V0310,0.706327986,yes,67.8,,,,0.722274436,yes,60.32,,,,,,,,,,,,,,1.174904943,yes,0.382352941,yes,15.27,0.894139887,yes,,,19.8,1.077647059,yes,,,20.53,,,,,,,1.201995012,yes,24.84,1.209476309,yes,24.9,0.870098039,yes,31.5,,,,0.484320557,yes,22.54,,,,0.840136054,yes,-2.384615385,yes,27.58,0.62755102,yes,-4.307692308,yes,26.33,1.526501767,no,2.407407407,yes,32.98,0.913427562,yes,-1.87654321,yes,29.51,1.101265823,yes,0.254237288,yes,36.02,1.164556962,yes,0.550847458,yes,36.37,0.773333333,yes,15.37,,,,0.831476323,yes,,,58.93,0.914772727,yes,27.77,0.880681818,yes,27.47,-0.322613065,yes,,,45.94,,,,,,0.4,<2
S181,V0407,,,8.95,,,89.09,,,,,,,1.833056018,no,5.752380952,yes,91.12,,,,,,1.296577947,no,0.852941176,yes,15.59,,,6.409638554,yes,28.88,,,3.210084034,yes,25.26,,,,,,,,,,,,,,,,1.854166667,no,39.53,,,,1.616724739,no,29.04,,,,,,,,,,,2.03180212,no,5.938271605,yes,35.84,,,,,,,,,,49.26,,,,,,1.684444444,no,19.47,,,,,,,,,,,,1.755681818,no,35.17,,,,,,0.826130653,no,,,57.37,4,2-6
S177,V0413,,,,,,,,,,,,,,,8.857142857,yes,94.38,,,,,,,,4.911764706,yes,18.35,,,8.21686747,no,30.38,,,4.966386555,yes,27.35,,,,,,,,,,,,,,,,,,,0.522648084,no,22.76,,,,0.921768707,no,-1.646153846,yes,28.06,0.880952381,no,-2.015384615,yes,27.82,1.918727915,no,5.148148148,yes,35.2,1.828621908,no,4.518518519,yes,34.69,,,,,48.76,,,,,47.45,2.104444444,no,21.36,4.542056075,yes,85.66,,,,,,1.785227273,no,35.43,,,,1.234170854,no,-1.157024793,yes,61.43,,,,,,3,2-6
S167,V0270,,,97.85,,,97.79,,,,,,,,,10.55238095,yes,96.16,,,7.925373134,yes,106.77,,,9.735294118,yes,21.63,,,,,,,,,,,,,,,,,1.906483791,no,30.49,1.706982544,no,28.89,,,51.3,,,51.94,1.231707317,no,26.83,1.06097561,no,25.85,2.403061224,no,11.75384615,yes,36.77,2.161564626,no,9.569230769,yes,35.35,,,11.33333333,yes,40.21,,,10.59259259,yes,39.61,,,,,58.41,,,,,57.33,,,27.38,,,,,,,,,,,,2.517045455,no,41.87,,,,,,,,4.541322314,no,75.22,12,6-12
S165,V0242,1.565508021,yes,87.08,,,,,,,,,,,,,,,,,,,,,,5.279411765,yes,18.6,,,2.265060241,yes,25.44,,,4.100840336,yes,26.32,,,,,,,,,,1.786783042,yes,29.53,1.976715686,yes,40.53,1.9375,yes,40.21,1.277003484,yes,27.09,0.641114983,no,23.44,1.018707483,yes,-0.769230769,yes,28.63,1.180272109,yes,0.692307692,yes,29.58,1.72614841,yes,3.802469136,yes,34.11,1.833922261,yes,4.555555556,yes,34.72,,,,,,,,,,,1.26,no,17.56,,,,,,,,,,,,1.348863636,no,31.59,,,,,,0.189949749,no,,,51.04,2,<2
S164,V0364,,,,,,,,,,,,,,,,,,,,,,,0.596958175,yes,,,13.75,0.124763705,yes,,,15.73,0.357647059,yes,,,17.47,,,,,,,,,,,,,,,,,,,-0.216027875,yes,18.52,-0.74912892,yes,15.46,,,,,,,,,,,,,,,,,,,,,,,,,,,,,,,0.091111111,yes,12.3,,,,,,,,,,,15.37,,,16.76,,,,,38.6,,,,,34.54,0,<2
S152,V0244,,,,,,,,,,,,,0.267332224,yes,,,62.89,0.113528855,yes,,,64.11,1.201520913,no,0.485294118,yes,15.34,0.206049149,yes,,,16.16,0.712941176,yes,,,18.98,0.42519685,yes,28.55,0.390326209,yes,28.24,0.238154613,yes,17.11,0.034912718,yes,15.48,,,,0.18504902,yes,25.91,,,,-0.531358885,yes,16.71,,,,,,,,,,,,,,,,,,,,,,,,,,,,,,,0.166666667,yes,12.64,,,,,,,,,,,,,,16.84,,,,,,,,,,40.46,0.2,<2
S142,V0289,,,,,,,,,,,,,,,,,,,,,,,1.041825095,yes,,,14.92,,,,,,0.957647059,yes,,,20.02,,,,,,,,,,,,,,,,,,,,,,,,,,,,,,,,,,,,,,,,,,,,,,,,,,,,,,,,,,,,,,,,,,,,,,,,,,,,,,,,,,0.4,<2
S140,V0207,,,94.64,,,93.21,,,,,,,1.277870216,no,,,81.11,,,5.517412935,yes,101.93,,,5.808823529,yes,18.96,,,2.325301205,yes,25.49,,,3.43697479,yes,25.53,,,,,,,2.172069825,no,32.62,1.985037406,no,31.12,2.156862745,no,42,1.960784314,no,40.4,0.644599303,no,23.46,0.407665505,no,22.1,1.267006803,no,1.476923077,yes,30.09,1.634353741,no,4.8,yes,32.25,2.259717314,no,7.530864198,yes,37.13,2.469964664,no,9,yes,38.32,,,,,51.23,,,,,50.41,2.171111111,no,21.66,10.04672897,no,97.44,,,5.731958763,yes,72.81,1.771590909,no,35.31,1.834090909,no,35.86,1.564824121,no,0.202479339,no,64.72,1.547738693,no,0.132231405,no,64.55,5,2-6
S127,V0204,,,,0.645721925,no,66.44,,,,,,,0.267886855,yes,,,62.9,1.01986755,no,,,83.27,,,9.441176471,no,21.43,,,6.409638554,yes,28.88,,,5.008403361,yes,27.4,,,,,,,2.103491272,yes,32.07,2.41521197,yes,34.57,,,,,,46.8,1.696864111,yes,29.5,1.698606272,yes,29.51,1.370748299,yes,2.415384615,yes,30.7,1.035714286,yes,-0.615384615,yes,28.73,1.938162544,yes,5.283950617,yes,35.31,2.058303887,yes,6.12345679,yes,35.99,,,,,47.37,,,,,48.86,2.142222222,yes,21.53,,,,2.228412256,yes,3.74742268,yes,68.96,,,42.17,2.422727273,yes,41.04,1.490452261,yes,-0.103305785,yes,63.98,1.403015075,yes,-0.462809917,yes,63.11,2,<2
S104,V0136,,,93.09,,,90.77,,,,,,,1.936217415,no,7.523809524,yes,92.98,,,8.208955224,yes,107.34,,,5.970588235,yes,19.07,,,7.168674699,yes,29.51,,,6.697478992,yes,29.41,,,,,,,1.836658354,no,29.93,2.143391521,no,32.39,-0.334558824,no,21.67,,,20.94,,,,,,43.52,1.554421769,no,4.076923077,yes,31.78,1.528911565,no,3.846153846,yes,31.63,2.28975265,no,7.740740741,yes,37.3,2.107773852,no,6.469135802,yes,36.27,,,,,49.36,,,,,50.34,,,23.61,10.54672897,no,98.51,,,9.309278351,no,79.75,2.404545455,no,40.88,2.178409091,no,38.89,1.335678392,no,-0.739669421,no,62.44,1.369849246,no,-0.599173554,no,62.78,4,2-6
S089,V0091,1.60026738,no,87.86,,,92.4,,,,,,,1.905712701,no,7,yes,92.43,1.67218543,no,3.094527363,yes,97.06,,,,,,,,,,,,,,,,,,,,,,1.699501247,no,28.83,1.539900249,no,27.55,,,,,,,1.217770035,no,26.75,,,,1.571428571,no,4.230769231,yes,31.88,,,,,,1.464664311,no,1.975308642,yes,32.63,,,,,,0.023508137,no,,,30.06,,,,,,,,,,,,,,,,,,,,,,,,,,,,,,,,,3,2-6
S082,V0084,0.143048128,yes,55.16,0.17513369,yes,55.88,0.003759398,yes,45.03,-0.003759398,yes,44.87,-0.194675541,yes,,,54.56,-0.212393567,yes,,,57.22,,,,,,,,,,,,,,,,0.05624297,yes,25.27,-0.067491564,yes,24.17,0.003740648,yes,15.23,-0.088528678,yes,14.49,0.409313725,yes,27.74,0.306372549,yes,26.9,0.386759582,yes,21.98,0.318815331,yes,21.59,,,,,,,,,,,0.075971731,yes,,,24.77,0.11130742,yes,,,24.97,-1.068716094,yes,,,24.02,,,,,22.36,0.022222222,yes,11.99,,,,,,,,,0.180681818,yes,21.31,0.306818182,yes,22.42,,,,,37.01,,,,,35.02,0.05,<2
S072,V0033,,,,,,,,,,,,,,,,,,,,,,,,,,,,,,,,,,,,,,1.069741282,no,34.28,,,,,,,,,,,,,,,,,,,,,,,,,,,,,,,,,,,,,,,,,,,,,,,,,,,,,,,,,,,,,,,,,,,,,,,,,,,,,,,0,<2
S058,V0092,,,,,,,,,,,,,,,,,,,,,,,1.711026616,yes,2.455882353,yes,16.68,1.29489603,yes,,,21.92,1.505882353,yes,,,22.35,,,,,,,0.74563591,yes,21.18,0.864089776,yes,22.13,,,,,,,,,,,,,,,,,,,,,,,,,,,,,,,,,,,,,,,,,,,1.877777778,yes,20.34,,,,,,,,,,,,,,,,,,,,,,,,,1.4,<2
S050,V0042,,,,-0.209001783,yes,47.26,,,,,,,,,,,,,,,,,,,,,,,,,,,,,,,,,,,,,,,,,,,,,,,,,,,,,,,,,,,,,,,,,,,,,,,,,,,,,,,,,,,,,12.05,,,,,,,,,,,,,,,,,,,,,,,,,,,,0.05,<2
S046,V0023,,,98.4,,,,,,96.46,,,,,,,,,,,,,,,,7.602941176,no,20.18,,,3.13253012,yes,26.16,,,5.226890756,yes,27.66,,,,,,,,,,,,,1.099264706,no,33.37,,,,1.714285714,yes,29.6,,,,,,,,,,,,,,,,,,,2.068904594,yes,6.197530864,yes,36.05,0.372513562,no,,,31.99,0.023508137,no,,,30.06,1.942222222,yes,20.63,,,,,,,,,1.956818182,no,36.94,2.164772727,yes,38.77,,,,,,0.929648241,no,,,58.4,2,<2
S037,V0021,,,,,,,,,,,,,,,,,,-0.096972564,yes,,,59.66,0.27756654,yes,,,12.91,0.319470699,yes,,,16.76,0.261176471,yes,,,17.06,0.331833521,yes,27.72,0.349831271,yes,27.88,0.221945137,yes,16.98,0.551122195,yes,19.62,,,,,,,,,,,,,,,,,,,,,,,0.623674912,yes,,,27.87,0.519434629,yes,,,27.28,-1.021699819,no,,,24.28,,,,,19.83,,,8.17,,,,,,,,,,,16.88,-0.263636364,yes,17.4,-0.607035176,no,,,43.11,-0.539698492,yes,,,43.78,0.25,<2
S035,V0031,,,,,,,,,,,,,,,,,,,,,,,,,,,,,,,,,,,,,,,,,,,,,,,,,,,,,,,,,,,,,,,,,,,,,,,,,,,,,,,,,,,,,,,,,,,,,,23.95,,,,,,6.329896907,yes,73.97,,,,2.109090909,yes,38.28,1.164824121,no,,,60.74,0.808040201,no,,,57.19,2,<2
S018,V0102,,,91.06,,,89.61,,,,,,,,,,,,,,,,,,,7.382352941,yes,20.03,,,,,,,,,,,,,,,,,,,,,,,0.117647059,no,25.36,,,,,,,,,,1.333333333,no,2.076923077,yes,30.48,,,,,,1.83745583,no,4.580246914,yes,34.74,,,,,,,,,,48.8,,,,,,,,,,,,,,,,,,,,,,,,,,,,,,,,,7,6-12
